EST-1,EST-36,EST-23,EST-15,EST-68
EST-62,EST-37,EST-24,EST-62,EST-69
EST-11,EST-38,EST-25,EST-17,EST-70
EST-12,EST-71,EST-26,EST-18,EST-62
EST-13,EST-72,EST-62,EST-19,EST-63
EST-15,EST-74,EST-29,EST-28,EST-65
EST-62,EST-75,EST-3,EST-29,EST-62
EST-17,EST-76,EST-30,EST-3,EST-63
EST-18,EST-66,EST-31,EST-30,EST-65
EST-19,EST-67,EST-32,EST-31,EST-62
EST-2,EST-68,EST-33,EST-4,EST-9
EST-20,EST-69,EST-34,EST-40,EST-8
EST-21,EST-70,EST-35,EST-69,EST-7
EST-22,EST-62,EST-36,EST-70,EST-61
EST-23,EST-63,EST-1,EST-71,EST-60
EST-24,EST-64,EST-10,EST-72,EST-6
EST-25,EST-65,EST-8,EST-65,EST-62
EST-26,EST-39,EST-9,EST-62,EST-62
EST-27,EST-4,EST-37,EST-63,EST-57
EST-62,EST-45,EST-42,EST-44,EST-51
EST-33,EST-46,EST-43,EST-50,EST-50
EST-34,EST-47,EST-62,EST-51,EST-5
EST-35,EST-48,EST-45,EST-53,EST-49
EST-36,EST-49,EST-46,EST-62,EST-48
EST-37,EST-5,EST-47,EST-62,EST-47
EST-38,EST-50,EST-48,EST-6,EST-46
EST-39,EST-51,EST-49,EST-9,EST-45
EST-4,EST-62,EST-5,EST-1,EST-44
EST-40,EST-53,EST-50,EST-10,EST-43
EST-41,EST-54,EST-51,EST-11,EST-42
EST-42,EST-55,EST-73,EST-12,EST-41
EST-43,EST-56,EST-74,EST-13,EST-40
EST-44,EST-57,EST-75,EST-14,EST-4
EST-45,EST-62,EST-76,EST-2,EST-39
EST-46,EST-62,EST-63,EST-20,EST-38
EST-47,EST-6,EST-67,EST-21,EST-37
EST-48,EST-60,EST-62,EST-22,EST-36
EST-49,EST-61,EST-63,EST-23,EST-35
EST-5,EST-7,EST-64,EST-62,EST-34
EST-50,EST-8,EST-68,EST-25,EST-33
EST-57,EST-14,EST-12,EST-37,EST-27
EST-62,EST-15,EST-13,EST-38,EST-26
EST-62,EST-16,EST-14,EST-39,EST-25
EST-6,EST-17,EST-15,EST-45,EST-24
EST-60,EST-18,EST-16,EST-46,EST-62
EST-61,EST-19,EST-17,EST-47,EST-22
EST-7,EST-62,EST-18,EST-48,EST-21
EST-8,EST-20,EST-19,EST-49,EST-64
EST-9,EST-21,EST-2,EST-5,EST-76
EST-62,EST-22,EST-20,EST-54,EST-66
EST-63,EST-23,EST-21,EST-55,EST-67
EST-68,EST-28,EST-55,EST-7,EST-13
EST-69,EST-62,EST-56,EST-8,EST-12
EST-70,EST-3,EST-57,EST-74,EST-11
EST-71,EST-30,EST-62,EST-75,EST-10
EST-72,EST-31,EST-62,EST-76,EST-1
EST-73,EST-32,EST-6,EST-66,EST-20
