CO-CA-01,SP-DA-01,TH-BE-01,TH-WI-01,SP-PS-01
CO-SA-01,SP-DM-01,TH-HO-01,CO-CA-01,SP-US-01
FE-BO-01,SP-GB-01,TH-JE-01,CO-SA-01,TH-BE-01
FE-BU-01,SP-PP-01,TH-LK-01,SP-CR-01,TH-HO-01
FE-SW-01,SP-PS-01,TH-PH-01,MU-KL-01,TH-JE-01
MU-EL-01,SP-US-01,TH-WI-01,FE-SS-01,TH-LK-01
MU-KL-01,TH-BE-01,CO-CA-01,CO-CJ-01,TH-PH-01
MU-LG-01,TH-HO-01,CO-SA-01,MU-U2-01,SP-US-01
MU-LW-01,TH-JE-01,FE-BO-01,SP-BB-01,TH-BE-01
MU-U2-01,TH-LK-01,FE-BU-01,SP-DA-01,TH-HO-01
SP-BB-01,TH-PH-01,FE-SW-01,SP-DM-01,TH-JE-01
SP-DA-01,TH-WI-01,MU-EL-01,SP-GB-01,TH-LK-01
SP-DM-01,CO-CA-01,MU-KL-01,SP-PP-01,TH-PH-01
SP-GB-01,CO-SA-01,MU-LG-01,SP-PS-01,FE-SS-01
SP-PP-01,SP-CR-01,MU-LW-01,CO-CA-01,CO-CJ-01
SP-PS-01,FE-SS-01,MU-U2-01,CO-SA-01,MU-U2-01
SP-US-01,CO-CJ-01,TH-LK-01,FE-BO-01,SP-BB-01
TH-BE-01,MU-SA-01,TH-PH-01,FE-BU-01,FE-BO-01
TH-HO-01,MU-JM-01,TH-WI-01,FE-SW-01,TH-WI-01
TH-JE-01,FE-BO-01,CO-CA-01,MU-EL-01,SP-CR-01
TH-LK-01,FE-BU-01,CO-SA-01,MU-KL-01,FE-SS-01
TH-PH-01,FE-SW-01,SP-CR-01,SP-US-01,CO-CJ-01
TH-WI-01,MU-EL-01,MU-KL-01,TH-BE-01,MU-SA-01
SP-CR-01,MU-KL-01,FE-SS-01,TH-HO-01,MU-JM-01
FE-SS-01,MU-LG-01,CO-CJ-01,TH-JE-01,CO-SA-01
CO-CJ-01,MU-LW-01,MU-SA-01,TH-LK-01,FE-BO-01
MU-SA-01,MU-U2-01,MU-JM-01,TH-PH-01,FE-BU-01
MU-JM-01,SP-BB-01,FE-BO-01,TH-WI-01,MU-EL-01
